{
	"credit": "Made with Blockbench",
	"texture_size": [32, 32],
	"textures": {
		"0": "item/gauntlet",
		"particle": "item/gauntlet"
	},
	"elements": [
		{
			"name": "stone",
			"from": [7.01, 0, 7],
			"to": [9.01, 2, 9],
			"rotation": {"angle": 0, "axis": "y", "origin": [8, 3, 7]},
			"faces": {
				"north": {"uv": [2, 0, 1.5, 0.5], "texture": "#0"},
				"east": {"uv": [2, 0, 1.5, 0.5], "texture": "#0"},
				"south": {"uv": [2, 0, 1.5, 0.5], "texture": "#0"},
				"west": {"uv": [2, 0, 1.5, 0.5], "texture": "#0"},
				"up": {"uv": [2, 0, 1.5, 0.5], "texture": "#0"},
				"down": {"uv": [2, 0, 1.5, 0.5], "texture": "#0"}
			}
		}
	],
	"display": {
		"thirdperson_righthand": {
			"rotation": [90, 0, 0],
			"translation": [0, 0, 8.5],
			"scale": [1.2, 1.2, 1.2]
		},
		"thirdperson_lefthand": {
			"rotation": [90, 0, 0],
			"translation": [0, 0, 8.5],
			"scale": [1.2, 1.2, 1.2]
		},
		"firstperson_righthand": {
			"rotation": [45, 45, 0],
			"translation": [0, 6.5, 5.5],
			"scale": [1.2, 1.2, 1.2]
		},
		"firstperson_lefthand": {
			"rotation": [45, 45, 0],
			"translation": [0, 6.5, 5.5],
			"scale": [1.2, 1.2, 1.2]
		},
		"ground": {
			"rotation": [90, 56.5, 45],
			"translation": [-3, -6.5, 6],
			"scale": [1.2, 1.2, 1.2]
		},
		"gui": {
			"rotation": [130, 0, 135],
			"translation": [-9.75, 6.5, 0],
			"scale": [2, 2, 2]
		},
		"head": {
			"rotation": [-180, -180, 0],
			"translation": [0, -6.25, -6.25],
			"scale": [1.8, 1.8, 1.8]
		},
		"fixed": {
			"rotation": [-180, -180, 0],
			"translation": [0, -12.5, 0],
			"scale": [1.8, 1.8, 1.8]
		}
	},
	"groups": [
		{
			"name": "gauntlet",
			"origin": [0, 0, 0],
			"color": 0,
			"children": [0]
		}
	]
}